"formula","Site","Year","Season"
"C10H19O3N1",NA,NA,NA
"C12H10O3",NA,NA,NA
"C9H14O5",NA,NA,NA
"C10H18O4",NA,NA,NA
"C11H22O3",NA,NA,NA
"C9H17O4N1",NA,NA,NA
"C11H8O4",NA,NA,NA
"C12H12O3",NA,NA,NA
"C9H16O5",NA,NA,NA
"C10H20O4",NA,NA,NA
"C10H7O4N1",NA,NA,NA
"C11H11O3N1",NA,NA,NA
"C10H6O5",NA,NA,NA
"C11H10O4",NA,NA,NA
"C9H14O3",NA,NA,NA
"C12H14O3",NA,NA,NA
"C13H18O2",NA,NA,NA
"C14H22O1",NA,NA,NA
"C11H13O3N1",NA,NA,NA
"C10H8O3S1",NA,NA,NA
"C10H8O5",NA,NA,NA
"C11H12O4",NA,NA,NA
"C9H16O3",NA,NA,NA
"C12H16O3",NA,NA,NA
"C13H20O2",NA,NA,NA
"C10H10O5",NA,NA,NA
"C8H14O4",NA,NA,NA
"C11H14O4",NA,NA,NA
"C8H18O4S1",NA,NA,NA
"C9H18O3",NA,NA,NA
"C12H18O3",NA,NA,NA
"C13H22O2",NA,NA,NA
"C10H13O4N1",NA,NA,NA
"C9H8O6",NA,NA,NA
"C10H12O5",NA,NA,NA
"C11H16O4",NA,NA,NA
"C12H20O3",NA,NA,NA
"C8H7O6N1",NA,NA,NA
"C10H15O4N1",NA,NA,NA
"C13H10O3",NA,NA,NA
"C10H14O5",NA,NA,NA
"C11H18O4",NA,NA,NA
"C12H22O3",NA,NA,NA
"C10H17O4N1",NA,NA,NA
"C11H21O3N1",NA,NA,NA
"C6H12O6",NA,NA,NA
"C12H8O4",NA,NA,NA
"C10H16O5",NA,NA,NA
"C11H20O4",NA,NA,NA
"C12H24O3",NA,NA,NA
"C9H15O5N1",NA,NA,NA
"C10H19O4N1",NA,NA,NA
"C9H10O4",NA,NA,NA
"C12H11O2P1",NA,NA,NA
"C6H14O6",NA,NA,NA
"C12H10O4",NA,NA,NA
"C9H14O6",NA,NA,NA
"C13H14O3",NA,NA,NA
"C10H18O5",NA,NA,NA
"C11H22O4",NA,NA,NA
"C11H8O5",NA,NA,NA
"C9H12O4",NA,NA,NA
"C12H12O4",NA,NA,NA
"C10H16O3",NA,NA,NA
"C9H16O6",NA,NA,NA
"C13H16O3",NA,NA,NA
"C10H20O5",NA,NA,NA
"C14H20O2",NA,NA,NA
"C10H6O6",NA,NA,NA
"C11H10O5",NA,NA,NA
"C9H14O4",NA,NA,NA
"C12H14O4",NA,NA,NA
"C10H18O3",NA,NA,NA
"C13H18O3",NA,NA,NA
"C14H22O2",NA,NA,NA
"C11H13O4N1",NA,NA,NA
"C9H17O3N1",NA,NA,NA
"C10H8O6",NA,NA,NA
"C11H12O5",NA,NA,NA
"C9H16O4",NA,NA,NA
"C12H16O4",NA,NA,NA
"C10H20O3",NA,NA,NA
"C13H20O3",NA,NA,NA
"C10H10O6",NA,NA,NA
"C11H14O5",NA,NA,NA
"C12H18O4",NA,NA,NA
"C13H22O3",NA,NA,NA
"C11H17O4N1",NA,NA,NA
"C10H12O4S1",NA,NA,NA
"C10H12O6",NA,NA,NA
"C14H12O3",NA,NA,NA
"C11H16O5",NA,NA,NA
"C12H20O4",NA,NA,NA
"C13H24O3",NA,NA,NA
"C10H15O5N1",NA,NA,NA
"C11H19O4N1",NA,NA,NA
"C12H23O3N1",NA,NA,NA
"C7H14O6",NA,NA,NA
"C13H10O4",NA,NA,NA
"C10H14O6",NA,NA,NA
"C11H18O5",NA,NA,NA
"C12H22O4",NA,NA,NA
"C13H26O3",NA,NA,NA
"C10H17O5N1",NA,NA,NA
"C11H21O4N1",NA,NA,NA
"C12H8O5",NA,NA,NA
"C10H12O4",NA,NA,NA
"C13H12O4",NA,NA,NA
"C10H16O6",NA,NA,NA
"C14H16O3",NA,NA,NA
"C11H20O5",NA,NA,NA
"C12H24O4",NA,NA,NA
"C10H19O5N1",NA,NA,NA
"C11H6O6",NA,NA,NA
"C12H10O5",NA,NA,NA
"C10H14O4",NA,NA,NA
"C13H14O4",NA,NA,NA
"C10H18O6",NA,NA,NA
"C14H18O3",NA,NA,NA
"C11H22O5",NA,NA,NA
"C15H22O2",NA,NA,NA
"C11H8O6",NA,NA,NA
"C12H12O5",NA,NA,NA
"C9H16O5S1",NA,NA,NA
"C10H16O4",NA,NA,NA
"C13H16O4",NA,NA,NA
"C11H20O3",NA,NA,NA
"C14H20O3",NA,NA,NA
"C15H24O2",NA,NA,NA
"C12H15O4N1",NA,NA,NA
"C11H10O6",NA,NA,NA
"C12H14O5",NA,NA,NA
"C13H18O4",NA,NA,NA
"C10H22O4S1",NA,NA,NA
"C14H22O3",NA,NA,NA
"C11H13O5N1",NA,NA,NA
"C14H8O4",NA,NA,NA
"C11H12O6",NA,NA,NA
"C12H16O5",NA,NA,NA
"C13H20O4",NA,NA,NA
"C12H19O4N1",NA,NA,NA
"C14H10O4",NA,NA,NA
"C11H14O4S1",NA,NA,NA
"C11H14O6",NA,NA,NA
"C12H18O5",NA,NA,NA
"C13H22O4",NA,NA,NA
"C14H26O3",NA,NA,NA
"C13H25O3N1",NA,NA,NA
"C10H12O5S1",NA,NA,NA
"C14H12O4",NA,NA,NA
"C11H16O6",NA,NA,NA
"C12H20O5",NA,NA,NA
"C13H24O4",NA,NA,NA
"C14H28O3",NA,NA,NA
"C12H23O4N1",NA,NA,NA
"C13H10O5",NA,NA,NA
"C10H14O5S1",NA,NA,NA
"C10H14O7",NA,NA,NA
"C14H14O4",NA,NA,NA
"C11H18O6",NA,NA,NA
"C15H18O3",NA,NA,NA
"C12H22O5",NA,NA,NA
"C13H26O4",NA,NA,NA
"C12H9O5N1",NA,NA,NA
"C12H8O6",NA,NA,NA
"C13H12O5",NA,NA,NA
"C10H16O7",NA,NA,NA
"C14H16O4",NA,NA,NA
"C11H20O6",NA,NA,NA
"C15H20O3",NA,NA,NA
"C12H24O5",NA,NA,NA
"C16H24O2",NA,NA,NA
"C11H6O7",NA,NA,NA
"C12H10O6",NA,NA,NA
"C13H14O3S1",NA,NA,NA
"C13H14O5",NA,NA,NA
"C14H18O4",NA,NA,NA
"C11H22O4S1",NA,NA,NA
"C11H22O6",NA,NA,NA
"C15H22O3",NA,NA,NA
"C16H26O2",NA,NA,NA
"C12H13O5N1",NA,NA,NA
"C14H21O3N1",NA,NA,NA
"C12H12O6",NA,NA,NA
"C13H16O5",NA,NA,NA
"C10H20O5S1",NA,NA,NA
"C10H20O7",NA,NA,NA
"C14H20O4",NA,NA,NA
"C11H24O4S1",NA,NA,NA
"C15H24O3",NA,NA,NA
"C12H15O5N1",NA,NA,NA
"C12H27O2N1",NA,NA,NA
"C11H10O7",NA,NA,NA
"C12H14O6",NA,NA,NA
"C9H18O6S1",NA,NA,NA
"C13H18O5",NA,NA,NA
"C14H22O4",NA,NA,NA
"C15H26O3",NA,NA,NA
"C9H17O5N1",NA,NA,NA
"C14H8O5",NA,NA,NA
"C11H12O5S1",NA,NA,NA
"C11H12O7",NA,NA,NA
"C15H12O4",NA,NA,NA
"C12H16O4S1",NA,NA,NA
"C12H16O6",NA,NA,NA
"C13H20O5",NA,NA,NA
"C14H24O4",NA,NA,NA
"C15H28O3",NA,NA,NA
"C16H32O2",NA,NA,NA
"C9H19O5N1",NA,NA,NA
"C12H19O5N1",NA,NA,NA
"C13H23O4N1",NA,NA,NA
"C14H10O5",NA,NA,NA
"C11H14O5S1",NA,NA,NA
"C11H14O7",NA,NA,NA
"C15H14O4",NA,NA,NA
"C12H18O6",NA,NA,NA
"C13H22O5",NA,NA,NA
"C14H26O4",NA,NA,NA
"C13H25O4N1",NA,NA,NA
"C13H8O6",NA,NA,NA
"C14H12O5",NA,NA,NA
"C11H16O5S1",NA,NA,NA
"C11H16O7",NA,NA,NA
"C15H16O4",NA,NA,NA
"C12H20O6",NA,NA,NA
"C13H24O5",NA,NA,NA
"C14H28O4",NA,NA,NA
"C12H23O5N1",NA,NA,NA
"C13H10O6",NA,NA,NA
"C10H14O8",NA,NA,NA
"C14H14O5",NA,NA,NA
"C11H18O7",NA,NA,NA
"C15H18O4",NA,NA,NA
"C12H22O4S1",NA,NA,NA
"C12H22O6",NA,NA,NA
"C13H26O5",NA,NA,NA
"C13H13O5N1",NA,NA,NA
"C12H8O7",NA,NA,NA
"C13H12O6",NA,NA,NA
"C14H16O5",NA,NA,NA
"C11H20O7",NA,NA,NA
"C15H20O4",NA,NA,NA
"C12H24O4S1",NA,NA,NA
"C12H24O6",NA,NA,NA
"C16H24O3",NA,NA,NA
"C14H28O2",NA,NA,NA
"C9H15O8N1",NA,NA,NA
"C13H15O5N1",NA,NA,NA
"C13H14O6",NA,NA,NA
"C10H18O6S1",NA,NA,NA
"C14H18O5",NA,NA,NA
"C15H22O4",NA,NA,NA
"C12H26O4S1",NA,NA,NA
"C16H26O3",NA,NA,NA
"C9H17O8N1",NA,NA,NA
"C13H17O5N1",NA,NA,NA
"C12H12O7",NA,NA,NA
"C16H12O4",NA,NA,NA
"C13H16O6",NA,NA,NA
"C10H20O6S1",NA,NA,NA
"C14H20O5",NA,NA,NA
"C15H24O4",NA,NA,NA
"C16H28O3",NA,NA,NA
"C9H15O6N1",NA,NA,NA
"C12H27O3N1",NA,NA,NA
"C15H10O5",NA,NA,NA
"C12H14O7",NA,NA,NA
"C16H14O4",NA,NA,NA
"C13H18O4S1",NA,NA,NA
"C13H18O6",NA,NA,NA
"C14H23O3P1",NA,NA,NA
"C14H22O5",NA,NA,NA
"C15H26O4",NA,NA,NA
"C16H30O3",NA,NA,NA
"C9H17O6N1",NA,NA,NA
"C15H12O5",NA,NA,NA
"C12H16O5S1",NA,NA,NA
"C12H16O7",NA,NA,NA
"C16H16O4",NA,NA,NA
"C13H20O6",NA,NA,NA
"C14H24O5",NA,NA,NA
"C15H28O4",NA,NA,NA
"C16H32O3",NA,NA,NA
"C14H27O4N1",NA,NA,NA
"C14H10O6",NA,NA,NA
"C11H14O6S1",NA,NA,NA
"C15H14O5",NA,NA,NA
"C12H18O7",NA,NA,NA
"C14H26O5",NA,NA,NA
"C15H30O4",NA,NA,NA
"C13H9O6N1",NA,NA,NA
"C14H12O6",NA,NA,NA
"C11H16O8",NA,NA,NA
"C15H16O5",NA,NA,NA
"C12H20O7",NA,NA,NA
"C16H20O4",NA,NA,NA
"C13H24O4S1",NA,NA,NA
"C13H24O6",NA,NA,NA
"C17H24O3",NA,NA,NA
"C14H28O5",NA,NA,NA
"C11H19O7N1",NA,NA,NA
"C13H10O7",NA,NA,NA
"C14H14O6",NA,NA,NA
"C15H18O5",NA,NA,NA
"C12H22O5S1",NA,NA,NA
"C12H22O7",NA,NA,NA
"C16H22O4",NA,NA,NA
"C13H26O4S1",NA,NA,NA
"C13H26O6",NA,NA,NA
"C17H26O3",NA,NA,NA
"C15H30O2",NA,NA,NA
"C14H17O5N1",NA,NA,NA
"C12H21O4N1",NA,NA,NA
"C13H12O7",NA,NA,NA
"C14H16O6",NA,NA,NA
"C15H20O5",NA,NA,NA
"C12H24O5S1",NA,NA,NA
"C16H24O4",NA,NA,NA
"C13H28O4S1",NA,NA,NA
"C18H32O2",NA,NA,NA
"C11H19O5N1",NA,NA,NA
"C14H31O2N1",NA,NA,NA
"C13H14O7",NA,NA,NA
"C14H18O6",NA,NA,NA
"C11H22O6S1",NA,NA,NA
"C15H22O3S1",NA,NA,NA
"C15H22O5",NA,NA,NA
"C12H26O5S1",NA,NA,NA
"C16H26O4",NA,NA,NA
"C10H17O6N1",NA,NA,NA
"C14H21O5N1",NA,NA,NA
"C13H29O3N1",NA,NA,NA
"C12H12O8",NA,NA,NA
"C16H12O5",NA,NA,NA
"C13H16O5S1",NA,NA,NA
"C13H16O7",NA,NA,NA
"C14H20O4S1",NA,NA,NA
"C14H20O6",NA,NA,NA
"C15H24O3S1",NA,NA,NA
"C15H24O5",NA,NA,NA
"C16H28O4",NA,NA,NA
"C17H32O3",NA,NA,NA
"C18H36O2",NA,NA,NA
"C10H19O6N1",NA,NA,NA
"C14H23O5N1",NA,NA,NA
"C15H10O6",NA,NA,NA
"C12H14O8",NA,NA,NA
"C16H14O5",NA,NA,NA
"C13H18O5S1",NA,NA,NA
"C13H18O7",NA,NA,NA
"C17H18O4",NA,NA,NA
"C14H22O4S1",NA,NA,NA
"C14H23O4P1",NA,NA,NA
"C14H22O6",NA,NA,NA
"C15H26O5",NA,NA,NA
"C16H30O4",NA,NA,NA
"C17H34O3",NA,NA,NA
"C15H12O6",NA,NA,NA
"C12H16O8",NA,NA,NA
"C16H16O5",NA,NA,NA
"C13H20O7",NA,NA,NA
"C14H24O6",NA,NA,NA
"C15H28O5",NA,NA,NA
"C16H32O4",NA,NA,NA
"C14H10O7",NA,NA,NA
"C15H14O6",NA,NA,NA
"C16H18O5",NA,NA,NA
"C13H22O7",NA,NA,NA
"C17H22O4",NA,NA,NA
"C14H26O4S1",NA,NA,NA
"C14H26O6",NA,NA,NA
"C16H30O2",NA,NA,NA
"C15H30O5",NA,NA,NA
"C14H12O7",NA,NA,NA
"C15H16O6",NA,NA,NA
"C16H20O5",NA,NA,NA
"C13H24O5S1",NA,NA,NA
"C13H24O7",NA,NA,NA
"C17H24O4",NA,NA,NA
"C14H28O4S1",NA,NA,NA
"C14H28O6",NA,NA,NA
"C18H28O3",NA,NA,NA
"C14H15O6N1",NA,NA,NA
"C15H19O5N1",NA,NA,NA
"C13H10O8",NA,NA,NA
"C14H14O7",NA,NA,NA
"C15H18O6",NA,NA,NA
"C12H22O6S1",NA,NA,NA
"C12H22O8",NA,NA,NA
"C16H22O5",NA,NA,NA
"C13H26O5S1",NA,NA,NA
"C17H26O4",NA,NA,NA
"C14H30O4S1",NA,NA,NA
"C18H30O3",NA,NA,NA
"C14H17O6N1",NA,NA,NA
"C14H29O3N1",NA,NA,NA
"C13H12O8",NA,NA,NA
"C14H16O7",NA,NA,NA
"C12H24O6S1",NA,NA,NA
"C16H24O3S1",NA,NA,NA
"C16H24O5",NA,NA,NA
"C13H28O5S1",NA,NA,NA
"C17H28O4",NA,NA,NA
"C18H32O3",NA,NA,NA
"C11H19O6N1",NA,NA,NA
"C14H19O6N1",NA,NA,NA
"C14H31O3N1",NA,NA,NA
"C13H14O8",NA,NA,NA
"C17H14O5",NA,NA,NA
"C14H18O5S1",NA,NA,NA
"C14H18O7",NA,NA,NA
"C15H22O6",NA,NA,NA
"C12H26O6S1",NA,NA,NA
"C16H26O3S1",NA,NA,NA
"C16H26O5",NA,NA,NA
"C17H30O4",NA,NA,NA
"C18H34O3",NA,NA,NA
"C10H17O7N1",NA,NA,NA
"C11H21O6N1",NA,NA,NA
"C14H21O6N1",NA,NA,NA
"C15H25O5N1",NA,NA,NA
"C16H12O6",NA,NA,NA
"C13H16O8",NA,NA,NA
"C17H16O5",NA,NA,NA
"C14H20O5S1",NA,NA,NA
"C14H20O7",NA,NA,NA
"C15H24O4S1",NA,NA,NA
"C15H25O4P1",NA,NA,NA
"C15H24O6",NA,NA,NA
"C16H28O5",NA,NA,NA
"C17H32O4",NA,NA,NA
"C18H36O3",NA,NA,NA
"C13H19O7N1",NA,NA,NA
"C14H23O6N1",NA,NA,NA
"C15H27O5N1",NA,NA,NA
"C15H10O7",NA,NA,NA
"C16H14O6",NA,NA,NA
"C13H18O8",NA,NA,NA
"C17H18O5",NA,NA,NA
"C14H22O7",NA,NA,NA
"C18H22O4",NA,NA,NA
"C15H26O6",NA,NA,NA
"C16H30O5",NA,NA,NA
"C17H34O4",NA,NA,NA
"C15H13O6N1",NA,NA,NA
"C16H16O6",NA,NA,NA
"C13H20O8",NA,NA,NA
"C17H20O5",NA,NA,NA
"C14H24O7",NA,NA,NA
"C18H24O4",NA,NA,NA
"C15H28O6",NA,NA,NA
"C17H32O2",NA,NA,NA
"C16H32O5",NA,NA,NA
"C15H15O6N1",NA,NA,NA
"C12H19O8N1",NA,NA,NA
"C13H23O7N1",NA,NA,NA
"C14H10O8",NA,NA,NA
"C15H14O7",NA,NA,NA
"C16H18O6",NA,NA,NA
"C13H22O8",NA,NA,NA
"C17H22O5",NA,NA,NA
"C14H26O5S1",NA,NA,NA
"C14H26O7",NA,NA,NA
"C18H26O4",NA,NA,NA
"C15H30O6",NA,NA,NA
"C17H34O2",NA,NA,NA
"C15H17O6N1",NA,NA,NA
"C12H21O8N1",NA,NA,NA
"C14H12O8",NA,NA,NA
"C15H16O7",NA,NA,NA
"C16H20O6",NA,NA,NA
"C13H24O8",NA,NA,NA
"C17H24O5",NA,NA,NA
"C14H28O5S1",NA,NA,NA
"C18H28O4",NA,NA,NA
"C15H32O4S1",NA,NA,NA
"C15H19O6N1",NA,NA,NA
"C13H23O5N1",NA,NA,NA
"C15H31O3N1",NA,NA,NA
"C16H35O2N1",NA,NA,NA
"C14H14O8",NA,NA,NA
"C15H18O7",NA,NA,NA
"C12H22O9",NA,NA,NA
"C16H22O6",NA,NA,NA
"C13H26O6S1",NA,NA,NA
"C17H26O3S1",NA,NA,NA
"C17H26O5",NA,NA,NA
"C14H30O5S1",NA,NA,NA
"C18H30O4",NA,NA,NA
"C15H21O6N1",NA,NA,NA
"C17H12O6",NA,NA,NA
"C14H16O8",NA,NA,NA
"C18H16O5",NA,NA,NA
"C15H20O7",NA,NA,NA
"C16H24O4S1",NA,NA,NA
"C16H24O6",NA,NA,NA
"C13H28O6S1",NA,NA,NA
"C17H28O3S1",NA,NA,NA
"C17H28O5",NA,NA,NA
"C18H32O4",NA,NA,NA
"C14H19O7N1",NA,NA,NA
"C16H10O7",NA,NA,NA
"C13H14O9",NA,NA,NA
"C17H14O6",NA,NA,NA
"C14H18O8",NA,NA,NA
"C18H18O5",NA,NA,NA
"C15H22O5S1",NA,NA,NA
"C15H22O7",NA,NA,NA
"C19H22O4",NA,NA,NA
"C16H26O4S1",NA,NA,NA
"C16H26O6",NA,NA,NA
"C18H30O2",NA,NA,NA
"C17H30O5",NA,NA,NA
"C18H34O4",NA,NA,NA
"C11H21O7N1",NA,NA,NA
"C16H12O7",NA,NA,NA
"C17H16O6",NA,NA,NA
"C14H20O8",NA,NA,NA
"C12H24O7",NA,NA,NA
"C18H20O5",NA,NA,NA
"C15H24O5S1",NA,NA,NA
"C15H25O5P1",NA,NA,NA
"C15H24O7",NA,NA,NA
"C19H24O4",NA,NA,NA
"C16H28O6",NA,NA,NA
"C17H32O5",NA,NA,NA
"C18H36O4",NA,NA,NA
"C14H23O7N1",NA,NA,NA
"C18H35O1N1",NA,NA,NA
"C15H10O8",NA,NA,NA
"C16H14O7",NA,NA,NA
"C13H18O9",NA,NA,NA
"C17H18O6",NA,NA,NA
"C14H22O8",NA,NA,NA
"C18H22O5",NA,NA,NA
"C15H26O7",NA,NA,NA
"C19H26O4",NA,NA,NA
"C16H30O6",NA,NA,NA
"C18H34O2",NA,NA,NA
"C17H34O5",NA,NA,NA
"C15H13O7N1",NA,NA,NA
"C15H12O8",NA,NA,NA
"C12H16O10",NA,NA,NA
"C16H16O7",NA,NA,NA
"C13H20O9",NA,NA,NA
"C17H20O6",NA,NA,NA
"C14H24O8",NA,NA,NA
"C18H24O5",NA,NA,NA
"C15H28O7",NA,NA,NA
"C19H28O4",NA,NA,NA
"C16H32O6",NA,NA,NA
"C15H14O8",NA,NA,NA
"C16H18O7",NA,NA,NA
"C17H22O6",NA,NA,NA
"C14H26O6S1",NA,NA,NA
"C14H26O8",NA,NA,NA
"C18H26O5",NA,NA,NA
"C19H30O4",NA,NA,NA
"C16H34O4S1",NA,NA,NA
"C13H21O6N1",NA,NA,NA
"C16H21O6N1",NA,NA,NA
"C13H25O8N1",NA,NA,NA
"C16H33O3N1",NA,NA,NA
"C14H12O9",NA,NA,NA
"C18H12O6",NA,NA,NA
"C15H16O8",NA,NA,NA
"C16H20O7",NA,NA,NA
"C13H24O9",NA,NA,NA
"C17H24O6",NA,NA,NA
"C14H28O6S1",NA,NA,NA
"C18H28O3S1",NA,NA,NA
"C18H28O5",NA,NA,NA
"C15H32O5S1",NA,NA,NA
"C19H32O4",NA,NA,NA
"C12H19O7N1",NA,NA,NA
"C15H19O7N1",NA,NA,NA
"C16H35O3N1",NA,NA,NA
"C14H14O9",NA,NA,NA
"C18H14O6",NA,NA,NA
"C15H18O8",NA,NA,NA
"C19H18O5",NA,NA,NA
"C16H22O7",NA,NA,NA
"C17H26O4S1",NA,NA,NA
"C17H26O6",NA,NA,NA
"C14H30O6S1",NA,NA,NA
"C18H30O3S1",NA,NA,NA
"C18H30O5",NA,NA,NA
"C19H34O4",NA,NA,NA
"C12H21O7N1",NA,NA,NA
"C17H12O7",NA,NA,NA
"C14H16O9",NA,NA,NA
"C18H16O6",NA,NA,NA
"C15H20O8",NA,NA,NA
"C19H20O5",NA,NA,NA
"C16H24O5S1",NA,NA,NA
"C16H24O7",NA,NA,NA
"C17H28O4S1",NA,NA,NA
"C17H28O6",NA,NA,NA
"C18H32O5",NA,NA,NA
"C19H36O4",NA,NA,NA
"C20H40O3",NA,NA,NA
"C17H14O7",NA,NA,NA
"C14H18O9",NA,NA,NA
"C18H18O6",NA,NA,NA
"C15H22O6S1",NA,NA,NA
"C15H22O8",NA,NA,NA
"C13H26O7",NA,NA,NA
"C19H22O5",NA,NA,NA
"C16H26O5S1",NA,NA,NA
"C16H26O7",NA,NA,NA
"C20H26O4",NA,NA,NA
"C17H30O6",NA,NA,NA
"C18H34O5",NA,NA,NA
"C19H38O4",NA,NA,NA
"C14H21O8N1",NA,NA,NA
"C16H12O8",NA,NA,NA
"C17H16O7",NA,NA,NA
"C15H20O6",NA,NA,NA
"C14H20O9",NA,NA,NA
"C18H20O6",NA,NA,NA
"C15H24O8",NA,NA,NA
"C19H24O5",NA,NA,NA
"C16H28O7",NA,NA,NA
"C20H28O4",NA,NA,NA
"C17H32O6",NA,NA,NA
"C18H36O5",NA,NA,NA
"C15H10O9",NA,NA,NA
"C16H14O8",NA,NA,NA
"C17H18O7",NA,NA,NA
"C14H22O9",NA,NA,NA
"C18H22O6",NA,NA,NA
"C15H26O8",NA,NA,NA
"C19H26O5",NA,NA,NA
"C16H30O7",NA,NA,NA
"C20H30O4",NA,NA,NA
"C17H34O6",NA,NA,NA
"C19H38O2",NA,NA,NA
"C16H17O7N1",NA,NA,NA
"C15H12O9",NA,NA,NA
"C16H16O8",NA,NA,NA
"C17H20O7",NA,NA,NA
"C14H24O9",NA,NA,NA
"C18H24O6",NA,NA,NA
"C15H28O8",NA,NA,NA
"C20H28O2",NA,NA,NA
"C19H28O5",NA,NA,NA
"C16H32O5S1",NA,NA,NA
"C16H32O7",NA,NA,NA
"C20H32O4",NA,NA,NA
"C14H27O8N1",NA,NA,NA
"C17H35O3N1",NA,NA,NA
"C15H14O9",NA,NA,NA
"C16H18O8",NA,NA,NA
"C17H22O7",NA,NA,NA
"C18H26O6",NA,NA,NA
"C15H30O6S1",NA,NA,NA
"C19H30O3S1",NA,NA,NA
"C19H30O5",NA,NA,NA
"C16H34O5S1",NA,NA,NA
"C20H34O4",NA,NA,NA
"C13H21O7N1",NA,NA,NA
"C15H12O7",NA,NA,NA
"C18H12O7",NA,NA,NA
"C15H16O9",NA,NA,NA
"C19H16O6",NA,NA,NA
"C16H20O8",NA,NA,NA
"C17H24O7",NA,NA,NA
"C18H28O4S1",NA,NA,NA
"C18H28O6",NA,NA,NA
"C19H32O3S1",NA,NA,NA
"C19H32O5",NA,NA,NA
"C20H36O4",NA,NA,NA
"C18H14O7",NA,NA,NA
"C15H18O9",NA,NA,NA
"C19H18O6",NA,NA,NA
"C16H22O8",NA,NA,NA
"C17H26O5S1",NA,NA,NA
"C17H26O7",NA,NA,NA
"C18H30O4S1",NA,NA,NA
"C18H30O6",NA,NA,NA
"C16H34O5",NA,NA,NA
"C19H34O5",NA,NA,NA
"C20H38O4",NA,NA,NA
"C21H42O3",NA,NA,NA
"C18H33O5N1",NA,NA,NA
"C17H12O8",NA,NA,NA
"C18H16O7",NA,NA,NA
"C15H20O9",NA,NA,NA
"C19H20O6",NA,NA,NA
"C16H24O8",NA,NA,NA
"C14H28O7",NA,NA,NA
"C20H24O5",NA,NA,NA
"C17H28O5S1",NA,NA,NA
"C17H28O7",NA,NA,NA
"C18H32O6",NA,NA,NA
"C19H36O5",NA,NA,NA
"C17H31O6N1",NA,NA,NA
"C18H35O5N1",NA,NA,NA
"C17H14O8",NA,NA,NA
"C21H14O5",NA,NA,NA
"C18H18O7",NA,NA,NA
"C15H22O9",NA,NA,NA
"C19H22O6",NA,NA,NA
"C16H26O8",NA,NA,NA
"C20H26O5",NA,NA,NA
"C17H30O7",NA,NA,NA
"C18H34O6",NA,NA,NA
"C19H38O5",NA,NA,NA
"C16H12O9",NA,NA,NA
"C17H16O8",NA,NA,NA
"C18H20O7",NA,NA,NA
"C15H24O9",NA,NA,NA
"C19H24O6",NA,NA,NA
"C16H28O8",NA,NA,NA
"C20H28O5",NA,NA,NA
"C17H32O7",NA,NA,NA
"C18H36O6",NA,NA,NA
"C20H40O2",NA,NA,NA
"C15H23O6N1",NA,NA,NA
"C16H14O9",NA,NA,NA
"C17H18O8",NA,NA,NA
"C18H22O7",NA,NA,NA
"C15H26O9",NA,NA,NA
"C19H26O6",NA,NA,NA
"C16H30O8",NA,NA,NA
"C20H30O5",NA,NA,NA
"C17H34O7",NA,NA,NA
"C14H21O7N1",NA,NA,NA
"C13H21O10N1",NA,NA,NA
"C15H25O6N1",NA,NA,NA
"C16H16O9",NA,NA,NA
"C17H20O8",NA,NA,NA
"C14H24O10",NA,NA,NA
"C18H24O7",NA,NA,NA
"C19H28O6",NA,NA,NA
"C20H32O5",NA,NA,NA
"C17H36O5S1",NA,NA,NA
"C15H27O6N1",NA,NA,NA
"C19H14O7",NA,NA,NA
"C16H18O9",NA,NA,NA
"C20H18O6",NA,NA,NA
"C17H22O8",NA,NA,NA
"C14H26O10",NA,NA,NA
"C18H26O7",NA,NA,NA
"C19H30O4S1",NA,NA,NA
"C19H30O6",NA,NA,NA
"C16H34O6S1",NA,NA,NA
"C20H34O5",NA,NA,NA
"C13H21O8N1",NA,NA,NA
"C14H25O7N1",NA,NA,NA
"C18H12O8",NA,NA,NA
"C15H16O10",NA,NA,NA
"C19H16O7",NA,NA,NA
"C16H20O9",NA,NA,NA
"C17H24O8",NA,NA,NA
"C18H28O5S1",NA,NA,NA
"C18H28O7",NA,NA,NA
"C19H32O4S1",NA,NA,NA
"C19H32O6",NA,NA,NA
"C17H36O5",NA,NA,NA
"C20H36O5",NA,NA,NA
"C21H40O4",NA,NA,NA
"C22H44O3",NA,NA,NA
"C13H23O8N1",NA,NA,NA
"C18H14O8",NA,NA,NA
"C15H18O10",NA,NA,NA
"C19H18O7",NA,NA,NA
"C16H22O9",NA,NA,NA
"C20H22O6",NA,NA,NA
"C17H26O8",NA,NA,NA
"C15H30O7",NA,NA,NA
"C18H30O5S1",NA,NA,NA
"C18H30O7",NA,NA,NA
"C19H34O6",NA,NA,NA
"C20H38O5",NA,NA,NA
"C17H12O9",NA,NA,NA
"C18H16O8",NA,NA,NA
"C15H20O10",NA,NA,NA
"C19H20O7",NA,NA,NA
"C16H24O9",NA,NA,NA
"C20H24O6",NA,NA,NA
"C17H28O8",NA,NA,NA
"C25H28O2",NA,NA,NA
"C18H32O7",NA,NA,NA
"C19H36O6",NA,NA,NA
"C20H40O5",NA,NA,NA
"C18H35O6N1",NA,NA,NA
"C17H14O9",NA,NA,NA
"C18H18O8",NA,NA,NA
"C15H22O10",NA,NA,NA
"C19H22O7",NA,NA,NA
"C16H26O9",NA,NA,NA
"C20H26O6",NA,NA,NA
"C17H30O8",NA,NA,NA
"C21H30O5",NA,NA,NA
"C18H34O7",NA,NA,NA
"C19H38O6",NA,NA,NA
"C21H42O2",NA,NA,NA
"C19H21O4N1",NA,NA,NA
"C15H25O9N1",NA,NA,NA
"C16H29O8N1",NA,NA,NA
"C20H29O5N1",NA,NA,NA
"C17H16O9",NA,NA,NA
"C18H20O8",NA,NA,NA
"C15H24O10",NA,NA,NA
"C19H24O7",NA,NA,NA
"C16H28O9",NA,NA,NA
"C20H28O6",NA,NA,NA
"C17H32O8",NA,NA,NA
"C21H32O5",NA,NA,NA
"C18H36O7",NA,NA,NA
"C21H44O2",NA,NA,NA
"C17H18O9",NA,NA,NA
"C18H22O8",NA,NA,NA
"C15H26O10",NA,NA,NA
"C19H26O7",NA,NA,NA
"C16H30O9",NA,NA,NA
"C20H30O6",NA,NA,NA
"C21H34O5",NA,NA,NA
"C15H25O7N1",NA,NA,NA
"C16H29O6N1",NA,NA,NA
"C16H16O10",NA,NA,NA
"C17H20O9",NA,NA,NA
"C18H24O8",NA,NA,NA
"C15H28O10",NA,NA,NA
"C19H28O7",NA,NA,NA
"C20H32O6",NA,NA,NA
"C21H36O5",NA,NA,NA
"C14H23O8N1",NA,NA,NA
"C15H27O7N1",NA,NA,NA
"C14H27O10N1",NA,NA,NA
"C19H14O8",NA,NA,NA
"C16H18O10",NA,NA,NA
"C20H18O7",NA,NA,NA
"C17H22O9",NA,NA,NA
"C18H26O8",NA,NA,NA
"C19H30O5S1",NA,NA,NA
"C19H30O7",NA,NA,NA
"C20H34O6",NA,NA,NA
"C18H38O5",NA,NA,NA
"C21H38O5",NA,NA,NA
"C22H42O4",NA,NA,NA
"C23H46O3",NA,NA,NA
"C13H21O9N1",NA,NA,NA
"C14H25O8N1",NA,NA,NA
"C19H16O8",NA,NA,NA
"C16H20O10",NA,NA,NA
"C20H20O7",NA,NA,NA
"C17H24O9",NA,NA,NA
"C18H28O8",NA,NA,NA
"C19H32O5S1",NA,NA,NA
"C19H32O7",NA,NA,NA
"C20H36O6",NA,NA,NA
"C21H40O5",NA,NA,NA
"C16H19O7N1",NA,NA,NA
"C22H43O1N1",NA,NA,NA
"C18H14O9",NA,NA,NA
"C19H18O8",NA,NA,NA
"C16H22O10",NA,NA,NA
"C20H22O7",NA,NA,NA
"C17H26O9",NA,NA,NA
"C15H30O8",NA,NA,NA
"C21H26O6",NA,NA,NA
"C18H30O8",NA,NA,NA
"C26H30O2",NA,NA,NA
"C19H34O7",NA,NA,NA
"C20H38O6",NA,NA,NA
"C18H16O9",NA,NA,NA
"C19H20O8",NA,NA,NA
"C16H24O10",NA,NA,NA
"C20H24O7",NA,NA,NA
"C17H28O9",NA,NA,NA
"C21H28O6",NA,NA,NA
"C18H32O8",NA,NA,NA
"C19H36O7",NA,NA,NA
"C20H40O6",NA,NA,NA
"C22H44O2",NA,NA,NA
"C17H14O10",NA,NA,NA
"C12H22O11",NA,NA,NA
"C18H18O9",NA,NA,NA
"C19H22O8",NA,NA,NA
"C16H26O10",NA,NA,NA
"C20H26O7",NA,NA,NA
"C17H30O9",NA,NA,NA
"C21H30O6",NA,NA,NA
"C18H34O6S1",NA,NA,NA
"C18H34O8",NA,NA,NA
"C22H34O5",NA,NA,NA
"C19H38O7",NA,NA,NA
"C22H46O2",NA,NA,NA
"C16H25O7N1",NA,NA,NA
"C17H16O10",NA,NA,NA
"C18H20O9",NA,NA,NA
"C19H24O8",NA,NA,NA
"C16H28O10",NA,NA,NA
"C20H28O7",NA,NA,NA
"C17H32O9",NA,NA,NA
"C21H32O6",NA,NA,NA
"C18H36O8",NA,NA,NA
"C22H36O5",NA,NA,NA
"C15H23O8N1",NA,NA,NA
"C16H27O7N1",NA,NA,NA
"C17H18O10",NA,NA,NA
"C18H22O9",NA,NA,NA
"C16H30O10",NA,NA,NA
"C20H30O7",NA,NA,NA
"C21H34O6",NA,NA,NA
"C14H21O9N1",NA,NA,NA
"C15H25O8N1",NA,NA,NA
"C20H16O8",NA,NA,NA
"C17H20O10",NA,NA,NA
"C18H24O9",NA,NA,NA
"C19H28O8",NA,NA,NA
"C20H32O5S1",NA,NA,NA
"C20H32O7",NA,NA,NA
"C21H36O6",NA,NA,NA
"C19H40O5",NA,NA,NA
"C22H40O5",NA,NA,NA
"C23H44O4",NA,NA,NA
"C24H48O3",NA,NA,NA
"C14H23O9N1",NA,NA,NA
"C15H27O8N1",NA,NA,NA
"C19H14O9",NA,NA,NA
"C16H18O11",NA,NA,NA
"C20H18O8",NA,NA,NA
"C17H22O10",NA,NA,NA
"C21H22O7",NA,NA,NA
"C18H26O9",NA,NA,NA
"C22H26O6",NA,NA,NA
"C19H30O8",NA,NA,NA
"C20H34O7",NA,NA,NA
"C21H38O6",NA,NA,NA
"C22H42O5",NA,NA,NA
"C17H25O9N1",NA,NA,NA
"C19H16O9",NA,NA,NA
"C16H20O11",NA,NA,NA
"C20H20O8",NA,NA,NA
"C17H24O10",NA,NA,NA
"C21H24O7",NA,NA,NA
"C18H28O9",NA,NA,NA
"C16H32O8",NA,NA,NA
"C22H28O6",NA,NA,NA
"C19H32O8",NA,NA,NA
"C23H32O5",NA,NA,NA
"C20H36O7",NA,NA,NA
"C21H40O6",NA,NA,NA
"C19H18O9",NA,NA,NA
"C20H22O8",NA,NA,NA
"C17H26O10",NA,NA,NA
"C21H26O7",NA,NA,NA
"C18H30O9",NA,NA,NA
"C22H30O6",NA,NA,NA
"C19H34O8",NA,NA,NA
"C20H38O7",NA,NA,NA
"C21H42O6",NA,NA,NA
"C23H46O2",NA,NA,NA
"C18H16O10",NA,NA,NA
"C19H20O9",NA,NA,NA
"C20H24O8",NA,NA,NA
"C17H28O10",NA,NA,NA
"C21H28O7",NA,NA,NA
"C18H32O7S1",NA,NA,NA
"C18H32O9",NA,NA,NA
"C22H32O6",NA,NA,NA
"C19H36O8",NA,NA,NA
"C20H40O7",NA,NA,NA
"C18H18O10",NA,NA,NA
"C19H22O9",NA,NA,NA
"C20H26O8",NA,NA,NA
"C17H30O10",NA,NA,NA
"C21H30O7",NA,NA,NA
"C18H34O9",NA,NA,NA
"C22H34O6",NA,NA,NA
"C21H42O4",NA,NA,NA
"C15H21O9N1",NA,NA,NA
"C16H25O8N1",NA,NA,NA
"C17H29O7N1",NA,NA,NA
"C21H16O8",NA,NA,NA
"C18H20O10",NA,NA,NA
"C19H24O9",NA,NA,NA
"C20H28O8",NA,NA,NA
"C21H32O7",NA,NA,NA
"C22H36O6",NA,NA,NA
"C15H23O9N1",NA,NA,NA
"C16H27O8N1",NA,NA,NA
"C17H18O11",NA,NA,NA
"C26H18O2",NA,NA,NA
"C18H22O10",NA,NA,NA
"C19H26O9",NA,NA,NA
"C20H30O8",NA,NA,NA
"C21H34O7",NA,NA,NA
"C22H38O6",NA,NA,NA
"C24H46O4",NA,NA,NA
"C25H50O3",NA,NA,NA
"C17H20O11",NA,NA,NA
"C21H20O8",NA,NA,NA
"C18H24O10",NA,NA,NA
"C22H24O7",NA,NA,NA
"C19H28O9",NA,NA,NA
"C20H32O8",NA,NA,NA
"C21H36O7",NA,NA,NA
"C22H40O6",NA,NA,NA
"C23H44O5",NA,NA,NA
"C15H27O9N1",NA,NA,NA
"C20H18O9",NA,NA,NA
"C17H22O11",NA,NA,NA
"C21H22O8",NA,NA,NA
"C18H26O10",NA,NA,NA
"C22H26O7",NA,NA,NA
"C24H30O1S1",NA,NA,NA
"C19H30O9",NA,NA,NA
"C17H34O8",NA,NA,NA
"C23H30O6",NA,NA,NA
"C20H34O8",NA,NA,NA
"C21H38O7",NA,NA,NA
"C22H42O6",NA,NA,NA
"C17H21O8N1",NA,NA,NA
"C16H21O11N1",NA,NA,NA
"C18H29O9N1",NA,NA,NA
"C19H16O10",NA,NA,NA
"C20H20O9",NA,NA,NA
"C17H24O11",NA,NA,NA
"C21H24O8",NA,NA,NA
"C18H28O10",NA,NA,NA
"C22H28O7",NA,NA,NA
"C19H32O9",NA,NA,NA
"C23H32O6",NA,NA,NA
"C20H36O8",NA,NA,NA
"C21H40O7",NA,NA,NA
"C22H44O6",NA,NA,NA
"C24H48O2",NA,NA,NA
"C19H18O10",NA,NA,NA
"C20H22O9",NA,NA,NA
"C17H26O11",NA,NA,NA
"C21H26O8",NA,NA,NA
"C18H30O10",NA,NA,NA
"C22H30O7",NA,NA,NA
"C19H34O9",NA,NA,NA
"C23H34O6",NA,NA,NA
"C20H38O8",NA,NA,NA
"C21H42O7",NA,NA,NA
"C24H50O2",NA,NA,NA
"C15H4O12S1",NA,NA,NA
"C19H20O10",NA,NA,NA
"C20H24O9",NA,NA,NA
"C21H28O8",NA,NA,NA
"C18H32O10",NA,NA,NA
"C22H32O7",NA,NA,NA
"C19H36O9",NA,NA,NA
"C23H36O6",NA,NA,NA
"C18H18O11",NA,NA,NA
"C19H22O10",NA,NA,NA
"C20H26O9",NA,NA,NA
"C17H30O11",NA,NA,NA
"C21H30O8",NA,NA,NA
"C18H34O10",NA,NA,NA
"C22H34O7",NA,NA,NA
"C23H38O6",NA,NA,NA
"C21H42O5",NA,NA,NA
"C28H42O2",NA,NA,NA
"C16H25O9N1",NA,NA,NA
"C17H29O8N1",NA,NA,NA
"C18H20O11",NA,NA,NA
"C19H24O10",NA,NA,NA
"C20H28O9",NA,NA,NA
"C21H32O8",NA,NA,NA
"C22H36O7",NA,NA,NA
"C23H40O6",NA,NA,NA
"C25H48O4",NA,NA,NA
"C26H52O3",NA,NA,NA
"C16H27O9N1",NA,NA,NA
"C18H22O11",NA,NA,NA
"C19H26O10",NA,NA,NA
"C23H26O7",NA,NA,NA
"C20H30O9",NA,NA,NA
"C21H34O8",NA,NA,NA
"C22H38O7",NA,NA,NA
"C20H42O6",NA,NA,NA
"C23H42O6",NA,NA,NA
"C24H46O5",NA,NA,NA
"C16H29O9N1",NA,NA,NA
"C20H16O10",NA,NA,NA
"C21H20O9",NA,NA,NA
"C18H24O11",NA,NA,NA
"C22H24O8",NA,NA,NA
"C19H28O10",NA,NA,NA
"C23H28O7",NA,NA,NA
"C20H32O9",NA,NA,NA
"C24H32O6",NA,NA,NA
"C21H36O8",NA,NA,NA
"C22H40O7",NA,NA,NA
"C23H44O6",NA,NA,NA
"C20H18O10",NA,NA,NA
"C17H22O12",NA,NA,NA
"C21H22O9",NA,NA,NA
"C29H22O1S1",NA,NA,NA
"C25H22O6",NA,NA,NA
"C18H26O11",NA,NA,NA
"C22H26O8",NA,NA,NA
"C19H30O10",NA,NA,NA
"C23H30O7",NA,NA,NA
"C20H34O9",NA,NA,NA
"C24H34O6",NA,NA,NA
"C21H38O8",NA,NA,NA
"C22H42O7",NA,NA,NA
"C23H46O6",NA,NA,NA
"C20H20O10",NA,NA,NA
"C21H24O9",NA,NA,NA
"C18H28O11",NA,NA,NA
"C22H28O8",NA,NA,NA
"C19H32O10",NA,NA,NA
"C23H32O7",NA,NA,NA
"C20H36O9",NA,NA,NA
"C24H36O6",NA,NA,NA
"C21H40O8",NA,NA,NA
"C22H44O7",NA,NA,NA
"C19H18O11",NA,NA,NA
"C20H22O10",NA,NA,NA
"C21H26O9",NA,NA,NA
"C22H30O8",NA,NA,NA
"C19H34O10",NA,NA,NA
"C23H34O7",NA,NA,NA
"C20H38O7S1",NA,NA,NA
"C20H38O9",NA,NA,NA
"C24H38O6",NA,NA,NA
"C21H42O8",NA,NA,NA
"C18H29O8N1",NA,NA,NA
"C19H20O11",NA,NA,NA
"C20H24O10",NA,NA,NA
"C21H28O9",NA,NA,NA
"C18H32O11",NA,NA,NA
"C22H32O8",NA,NA,NA
"C23H36O7",NA,NA,NA
"C17H27O9N1",NA,NA,NA
"C18H31O8N1",NA,NA,NA
"C22H18O9",NA,NA,NA
"C19H22O11",NA,NA,NA
"C28H22O2",NA,NA,NA
"C20H26O10",NA,NA,NA
"C21H30O9",NA,NA,NA
"C18H34O11",NA,NA,NA
"C22H34O8",NA,NA,NA
"C23H38O7",NA,NA,NA
"C26H50O4",NA,NA,NA
"C16H25O10N1",NA,NA,NA
"C17H29O9N1",NA,NA,NA
"C18H20O12",NA,NA,NA
"C19H24O11",NA,NA,NA
"C23H24O8",NA,NA,NA
"C20H28O10",NA,NA,NA
"C24H28O7",NA,NA,NA
"C21H32O9",NA,NA,NA
"C22H36O8",NA,NA,NA
"C23H40O7",NA,NA,NA
"C21H44O6",NA,NA,NA
"C24H44O6",NA,NA,NA
"C16H27O10N1",NA,NA,NA
"C21H18O10",NA,NA,NA
"C22H22O9",NA,NA,NA
"C19H26O11",NA,NA,NA
"C23H26O8",NA,NA,NA
"C20H30O10",NA,NA,NA
"C24H30O7",NA,NA,NA
"C21H34O9",NA,NA,NA
"C22H38O8",NA,NA,NA
"C23H42O7",NA,NA,NA
"C24H46O6",NA,NA,NA
"C16H29O10N1",NA,NA,NA
"C17H4O12S1",NA,NA,NA
"C21H20O10",NA,NA,NA
"C18H24O12",NA,NA,NA
"C22H24O9",NA,NA,NA
"C19H28O11",NA,NA,NA
"C23H28O8",NA,NA,NA
"C20H32O10",NA,NA,NA
"C24H32O7",NA,NA,NA
"C21H36O9",NA,NA,NA
"C22H40O8",NA,NA,NA
"C23H44O7",NA,NA,NA
"C24H48O6",NA,NA,NA
"C26H52O2",NA,NA,NA
"C15H31O13N1",NA,NA,NA
"C20H18O11",NA,NA,NA
"C21H22O10",NA,NA,NA
"C22H26O9",NA,NA,NA
"C19H30O11",NA,NA,NA
"C23H30O8",NA,NA,NA
"C20H34O10",NA,NA,NA
"C24H34O7",NA,NA,NA
"C21H38O9",NA,NA,NA
"C25H38O6",NA,NA,NA
"C22H42O8",NA,NA,NA
"C23H46O7",NA,NA,NA
"C20H20O11",NA,NA,NA
"C21H24O10",NA,NA,NA
"C22H28O9",NA,NA,NA
"C19H32O11",NA,NA,NA
"C23H32O8",NA,NA,NA
"C20H36O10",NA,NA,NA
"C24H36O7",NA,NA,NA
"C21H40O9",NA,NA,NA
"C25H40O6",NA,NA,NA
"C22H27O6N1",NA,NA,NA
"C19H31O8N1",NA,NA,NA
"C20H22O11",NA,NA,NA
"C21H26O10",NA,NA,NA
"C22H30O9",NA,NA,NA
"C23H34O8",NA,NA,NA
"C20H38O10",NA,NA,NA
"C24H38O7",NA,NA,NA
"C20H24O11",NA,NA,NA
"C21H28O10",NA,NA,NA
"C22H32O9",NA,NA,NA
"C23H36O8",NA,NA,NA
"C24H40O7",NA,NA,NA
"C17H27O10N1",NA,NA,NA
"C18H31O9N1",NA,NA,NA
"C20H43O9N1",NA,NA,NA
"C20H26O11",NA,NA,NA
"C24H26O8",NA,NA,NA
"C21H30O10",NA,NA,NA
"C22H34O9",NA,NA,NA
"C23H38O8",NA,NA,NA
"C24H42O7",NA,NA,NA
"C22H46O6",NA,NA,NA
"C18H21O12N1",NA,NA,NA
"C22H20O10",NA,NA,NA
"C19H24O12",NA,NA,NA
"C23H24O9",NA,NA,NA
"C20H28O11",NA,NA,NA
"C24H28O8",NA,NA,NA
"C21H32O10",NA,NA,NA
"C25H32O7",NA,NA,NA
"C22H36O9",NA,NA,NA
"C23H40O8",NA,NA,NA
"C24H44O7",NA,NA,NA
"C25H48O6",NA,NA,NA
"C18H6O12S1",NA,NA,NA
"C22H22O10",NA,NA,NA
"C19H26O12",NA,NA,NA
"C23H26O9",NA,NA,NA
"C20H30O11",NA,NA,NA
"C24H30O8",NA,NA,NA
"C21H34O10",NA,NA,NA
"C25H34O7",NA,NA,NA
"C22H38O9",NA,NA,NA
"C26H38O6",NA,NA,NA
"C23H42O8",NA,NA,NA
"C24H46O7",NA,NA,NA
"C21H20O11",NA,NA,NA
"C22H24O10",NA,NA,NA
"C19H28O12",NA,NA,NA
"C17H32O11",NA,NA,NA
"C23H28O9",NA,NA,NA
"C20H32O11",NA,NA,NA
"C24H32O8",NA,NA,NA
"C21H36O10",NA,NA,NA
"C25H36O7",NA,NA,NA
"C22H40O9",NA,NA,NA
"C23H44O8",NA,NA,NA
"C24H48O7",NA,NA,NA
"C19H31O11N1",NA,NA,NA
"C29H7O2S1P1",NA,NA,NA
"C20H18O12",NA,NA,NA
"C21H22O11",NA,NA,NA
"C22H26O10",NA,NA,NA
"C23H30O9",NA,NA,NA
"C20H34O11",NA,NA,NA
"C24H34O8",NA,NA,NA
"C21H38O10",NA,NA,NA
"C25H38O7",NA,NA,NA
"C22H42O9",NA,NA,NA
"C23H46O8",NA,NA,NA
"C20H33O8N1",NA,NA,NA
"C20H20O12",NA,NA,NA
"C21H24O11",NA,NA,NA
"C22H28O10",NA,NA,NA
"C23H32O9",NA,NA,NA
"C20H36O11",NA,NA,NA
"C24H36O8",NA,NA,NA
"C21H40O10",NA,NA,NA
"C25H40O7",NA,NA,NA
"C19H31O9N1",NA,NA,NA
"C21H26O11",NA,NA,NA
"C22H30O10",NA,NA,NA
"C23H34O9",NA,NA,NA
"C24H38O8",NA,NA,NA
"C28H54O4",NA,NA,NA
"C18H29O10N1",NA,NA,NA
"C19H33O9N1",NA,NA,NA
"C21H28O11",NA,NA,NA
"C22H32O10",NA,NA,NA
"C23H36O9",NA,NA,NA
"C24H40O8",NA,NA,NA
"C25H44O7",NA,NA,NA
"C23H22O10",NA,NA,NA
"C20H26O12",NA,NA,NA
"C24H26O9",NA,NA,NA
"C21H30O11",NA,NA,NA
"C25H30O8",NA,NA,NA
"C22H34O10",NA,NA,NA
"C26H34O7",NA,NA,NA
"C23H38O9",NA,NA,NA
"C24H42O8",NA,NA,NA
"C25H46O7",NA,NA,NA
"C22H20O11",NA,NA,NA
"C23H24O10",NA,NA,NA
"C20H28O12",NA,NA,NA
"C24H28O9",NA,NA,NA
"C21H32O11",NA,NA,NA
"C19H36O10",NA,NA,NA
"C25H32O8",NA,NA,NA
"C22H36O10",NA,NA,NA
"C26H36O7",NA,NA,NA
"C23H40O9",NA,NA,NA
"C27H40O6",NA,NA,NA
"C24H44O8",NA,NA,NA
"C25H48O7",NA,NA,NA
"C28H56O2",NA,NA,NA
"C22H22O11",NA,NA,NA
"C19H26O13",NA,NA,NA
"C23H26O10",NA,NA,NA
"C20H30O12",NA,NA,NA
"C24H30O9",NA,NA,NA
"C21H34O11",NA,NA,NA
"C25H34O8",NA,NA,NA
"C22H38O10",NA,NA,NA
"C26H38O7",NA,NA,NA
"C23H42O9",NA,NA,NA
"C27H42O6",NA,NA,NA
"C24H46O8",NA,NA,NA
"C25H50O7",NA,NA,NA
"C30H9O2S1P1",NA,NA,NA
"C21H20O12",NA,NA,NA
"C22H24O11",NA,NA,NA
"C23H28O10",NA,NA,NA
"C24H32O9",NA,NA,NA
"C21H36O11",NA,NA,NA
"C25H36O8",NA,NA,NA
"C22H40O10",NA,NA,NA
"C26H40O7",NA,NA,NA
"C23H44O9",NA,NA,NA
"C24H48O8",NA,NA,NA
"C29H7O5P1",NA,NA,NA
"C21H22O12",NA,NA,NA
"C22H26O11",NA,NA,NA
"C23H30O10",NA,NA,NA
"C24H34O9",NA,NA,NA
"C21H38O11",NA,NA,NA
"C25H38O8",NA,NA,NA
"C22H42O10",NA,NA,NA
"C26H42O7",NA,NA,NA
"C22H29O10N1",NA,NA,NA
"C21H24O12",NA,NA,NA
"C22H28O11",NA,NA,NA
"C23H32O10",NA,NA,NA
"C20H36O12",NA,NA,NA
"C24H36O9",NA,NA,NA
"C25H40O8",NA,NA,NA
"C26H44O7",NA,NA,NA
"C21H26O12",NA,NA,NA
"C22H30O11",NA,NA,NA
"C23H34O10",NA,NA,NA
"C24H38O9",NA,NA,NA
"C25H42O8",NA,NA,NA
"C26H46O7",NA,NA,NA
"C20H24O13",NA,NA,NA
"C24H24O10",NA,NA,NA
"C21H28O12",NA,NA,NA
"C25H28O9",NA,NA,NA
"C22H32O11",NA,NA,NA
"C26H32O8",NA,NA,NA
"C23H36O10",NA,NA,NA
"C24H40O9",NA,NA,NA
"C28H40O6",NA,NA,NA
"C25H44O8",NA,NA,NA
"C26H48O7",NA,NA,NA
"C30H48O4",NA,NA,NA
"C23H35O7N1",NA,NA,NA
"C20H26O13",NA,NA,NA
"C24H26O10",NA,NA,NA
"C21H30O12",NA,NA,NA
"C19H34O11",NA,NA,NA
"C25H30O9",NA,NA,NA
"C22H34O11",NA,NA,NA
"C26H34O8",NA,NA,NA
"C23H38O10",NA,NA,NA
"C24H42O9",NA,NA,NA
"C28H43O4P1",NA,NA,NA
"C25H46O8",NA,NA,NA
"C29H46O5",NA,NA,NA
"C27H41O6N1",NA,NA,NA
"C23H24O11",NA,NA,NA
"C20H28O13",NA,NA,NA
"C24H28O10",NA,NA,NA
"C21H32O12",NA,NA,NA
"C19H36O11",NA,NA,NA
"C25H32O9",NA,NA,NA
"C22H36O11",NA,NA,NA
"C26H36O8",NA,NA,NA
"C23H40O10",NA,NA,NA
"C28H40O4",NA,NA,NA
"C27H40O7",NA,NA,NA
"C24H44O9",NA,NA,NA
"C28H44O6",NA,NA,NA
"C25H48O8",NA,NA,NA
"C28H56O3",NA,NA,NA
"C19H27O13N1",NA,NA,NA
"C22H22O12",NA,NA,NA
"C23H26O11",NA,NA,NA
"C20H30O13",NA,NA,NA
"C24H30O10",NA,NA,NA
"C21H34O12",NA,NA,NA
"C25H34O9",NA,NA,NA
"C22H38O11",NA,NA,NA
"C26H38O8",NA,NA,NA
"C23H42O10",NA,NA,NA
"C27H42O7",NA,NA,NA
"C24H46O9",NA,NA,NA
"C26H54O5S1",NA,NA,NA
"C22H24O12",NA,NA,NA
"C23H28O11",NA,NA,NA
"C24H32O10",NA,NA,NA
"C21H36O12",NA,NA,NA
"C25H36O9",NA,NA,NA
"C22H40O11",NA,NA,NA
"C26H40O8",NA,NA,NA
"C27H44O7",NA,NA,NA
"C21H35O9N1",NA,NA,NA
"C21H22O13",NA,NA,NA
"C22H26O12",NA,NA,NA
"C23H30O11",NA,NA,NA
"C24H34O10",NA,NA,NA
"C21H38O12",NA,NA,NA
"C25H38O9",NA,NA,NA
"C26H42O8",NA,NA,NA
"C21H24O13",NA,NA,NA
"C22H28O12",NA,NA,NA
"C23H32O11",NA,NA,NA
"C24H36O10",NA,NA,NA
"C25H40O9",NA,NA,NA
"C29H40O6",NA,NA,NA
"C26H44O8",NA,NA,NA
"C21H26O13",NA,NA,NA
"C25H26O10",NA,NA,NA
"C23H34O11",NA,NA,NA
"C24H38O10",NA,NA,NA
"C25H42O9",NA,NA,NA
"C29H42O6",NA,NA,NA
"C26H46O8",NA,NA,NA
"C30H46O5",NA,NA,NA
"C24H24O11",NA,NA,NA
"C21H28O13",NA,NA,NA
"C25H28O10",NA,NA,NA
"C22H32O12",NA,NA,NA
"C26H32O9",NA,NA,NA
"C23H36O11",NA,NA,NA
"C27H36O8",NA,NA,NA
"C24H40O10",NA,NA,NA
"C28H40O7",NA,NA,NA
"C25H44O9",NA,NA,NA
"C29H44O6",NA,NA,NA
"C26H48O8",NA,NA,NA
"C30H48O5",NA,NA,NA
"C28H22O6",NA,NA,NA
"C24H26O11",NA,NA,NA
"C21H30O13",NA,NA,NA
"C25H30O10",NA,NA,NA
"C22H34O12",NA,NA,NA
"C20H38O11",NA,NA,NA
"C26H34O9",NA,NA,NA
"C23H38O11",NA,NA,NA
"C27H38O8",NA,NA,NA
"C24H42O10",NA,NA,NA
"C28H43O5P1",NA,NA,NA
"C28H42O7",NA,NA,NA
"C25H46O9",NA,NA,NA
"C29H46O6",NA,NA,NA
"C26H50O8",NA,NA,NA
"C23H24O12",NA,NA,NA
"C20H28O14",NA,NA,NA
"C24H28O11",NA,NA,NA
"C25H32O10",NA,NA,NA
"C22H36O12",NA,NA,NA
"C26H36O9",NA,NA,NA
"C23H40O11",NA,NA,NA
"C27H40O8",NA,NA,NA
"C24H44O10",NA,NA,NA
"C28H44O7",NA,NA,NA
"C23H26O12",NA,NA,NA
"C24H30O11",NA,NA,NA
"C25H34O10",NA,NA,NA
"C22H38O12",NA,NA,NA
"C26H38O9",NA,NA,NA
"C23H42O11",NA,NA,NA
"C27H42O8",NA,NA,NA
"C28H46O7",NA,NA,NA
"C23H28O12",NA,NA,NA
"C24H32O11",NA,NA,NA
"C25H36O10",NA,NA,NA
"C22H40O12",NA,NA,NA
"C26H40O9",NA,NA,NA
"C27H44O8",NA,NA,NA
"C22H26O13",NA,NA,NA
"C23H30O12",NA,NA,NA
"C24H34O11",NA,NA,NA
"C25H38O10",NA,NA,NA
"C26H42O9",NA,NA,NA
"C27H46O8",NA,NA,NA
"C36H16O1",NA,NA,NA
"C22H28O13",NA,NA,NA
"C26H28O10",NA,NA,NA
"C23H32O12",NA,NA,NA
"C24H36O11",NA,NA,NA
"C28H36O8",NA,NA,NA
"C25H40O10",NA,NA,NA
"C26H44O9",NA,NA,NA
"C30H44O6",NA,NA,NA
"C27H48O8",NA,NA,NA
"C25H26O11",NA,NA,NA
"C22H30O13",NA,NA,NA
"C26H30O10",NA,NA,NA
"C23H34O12",NA,NA,NA
"C27H34O9",NA,NA,NA
"C24H38O11",NA,NA,NA
"C28H38O8",NA,NA,NA
"C25H42O10",NA,NA,NA
"C29H42O7",NA,NA,NA
"C26H46O9",NA,NA,NA
"C30H46O6",NA,NA,NA
"C27H50O8",NA,NA,NA
"C31H50O5",NA,NA,NA
"C24H24O12",NA,NA,NA
"C25H28O11",NA,NA,NA
"C22H32O13",NA,NA,NA
"C26H32O10",NA,NA,NA
"C23H36O12",NA,NA,NA
"C21H40O11",NA,NA,NA
"C27H36O9",NA,NA,NA
"C24H40O11",NA,NA,NA
"C28H40O8",NA,NA,NA
"C25H44O10",NA,NA,NA
"C29H44O7",NA,NA,NA
"C26H48O9",NA,NA,NA
"C30H48O6",NA,NA,NA
"C24H26O12",NA,NA,NA
"C21H30O14",NA,NA,NA
"C25H30O11",NA,NA,NA
"C22H34O13",NA,NA,NA
"C26H34O10",NA,NA,NA
"C23H38O12",NA,NA,NA
"C27H38O9",NA,NA,NA
"C24H42O11",NA,NA,NA
"C28H42O8",NA,NA,NA
"C25H46O10",NA,NA,NA
"C30H46O4",NA,NA,NA
"C29H46O7",NA,NA,NA
"C26H50O9",NA,NA,NA
"C24H29O11N1",NA,NA,NA
"C23H24O13",NA,NA,NA
"C24H28O12",NA,NA,NA
"C25H32O11",NA,NA,NA
"C22H36O13",NA,NA,NA
"C26H36O10",NA,NA,NA
"C23H40O12",NA,NA,NA
"C27H40O9",NA,NA,NA
"C24H44O11",NA,NA,NA
"C28H44O8",NA,NA,NA
"C29H48O7",NA,NA,NA
"C22H35O10N1",NA,NA,NA
"C23H26O13",NA,NA,NA
"C24H30O12",NA,NA,NA
"C25H34O11",NA,NA,NA
"C27H38O7",NA,NA,NA
"C26H38O10",NA,NA,NA
"C28H42O6",NA,NA,NA
"C27H42O9",NA,NA,NA
"C28H46O8",NA,NA,NA
"C22H37O10N1",NA,NA,NA
"C23H28O13",NA,NA,NA
"C24H32O12",NA,NA,NA
"C25H36O11",NA,NA,NA
"C26H40O10",NA,NA,NA
"C27H44O9",NA,NA,NA
"C28H48O8",NA,NA,NA
"C37H18O1",NA,NA,NA
"C23H30O13",NA,NA,NA
"C24H34O12",NA,NA,NA
"C25H38O11",NA,NA,NA
"C26H42O10",NA,NA,NA
"C30H42O7",NA,NA,NA
"C27H46O9",NA,NA,NA
"C28H50O8",NA,NA,NA
"C22H28O14",NA,NA,NA
"C26H28O11",NA,NA,NA
"C23H32O13",NA,NA,NA
"C27H32O10",NA,NA,NA
"C24H36O12",NA,NA,NA
"C28H36O9",NA,NA,NA
"C25H40O11",NA,NA,NA
"C29H40O8",NA,NA,NA
"C26H44O10",NA,NA,NA
"C30H44O7",NA,NA,NA
"C27H48O9",NA,NA,NA
"C31H48O6",NA,NA,NA
"C25H26O12",NA,NA,NA
"C22H30O14",NA,NA,NA
"C26H30O11",NA,NA,NA
"C23H34O13",NA,NA,NA
"C27H34O10",NA,NA,NA
"C24H38O12",NA,NA,NA
"C28H38O9",NA,NA,NA
"C25H42O11",NA,NA,NA
"C29H42O8",NA,NA,NA
"C26H46O10",NA,NA,NA
"C30H46O7",NA,NA,NA
"C27H50O9",NA,NA,NA
"C31H50O6",NA,NA,NA
"C26H32O11",NA,NA,NA
"C27H36O10",NA,NA,NA
"C24H40O12",NA,NA,NA
"C28H40O9",NA,NA,NA
"C25H44O11",NA,NA,NA
"C29H44O8",NA,NA,NA
"C26H48O10",NA,NA,NA
"C30H48O7",NA,NA,NA
"C24H26O13",NA,NA,NA
"C22H30O12",NA,NA,NA
"C25H30O12",NA,NA,NA
"C26H34O11",NA,NA,NA
"C27H38O10",NA,NA,NA
"C28H42O9",NA,NA,NA
"C29H46O8",NA,NA,NA
"C30H50O7",NA,NA,NA
"C24H28O13",NA,NA,NA
"C25H32O12",NA,NA,NA
"C26H36O11",NA,NA,NA
"C27H40O10",NA,NA,NA
"C28H44O9",NA,NA,NA
"C29H48O8",NA,NA,NA
"C24H30O13",NA,NA,NA
"C25H34O12",NA,NA,NA
"C26H38O11",NA,NA,NA
"C27H42O10",NA,NA,NA
"C28H46O9",NA,NA,NA
"C29H50O8",NA,NA,NA
"C24H29O10N1",NA,NA,NA
"C24H32O13",NA,NA,NA
"C25H36O12",NA,NA,NA
"C26H40O11",NA,NA,NA
"C27H44O10",NA,NA,NA
"C28H48O9",NA,NA,NA
"C29H52O8",NA,NA,NA
"C27H30O11",NA,NA,NA
"C24H34O13",NA,NA,NA
"C28H34O10",NA,NA,NA
"C25H38O12",NA,NA,NA
"C29H38O9",NA,NA,NA
"C26H42O11",NA,NA,NA
"C30H42O8",NA,NA,NA
"C27H46O10",NA,NA,NA
"C31H46O7",NA,NA,NA
"C28H50O9",NA,NA,NA
"C26H28O12",NA,NA,NA
"C27H32O11",NA,NA,NA
"C28H36O10",NA,NA,NA
"C25H40O12",NA,NA,NA
"C29H40O9",NA,NA,NA
"C26H44O11",NA,NA,NA
"C30H44O8",NA,NA,NA
"C27H48O10",NA,NA,NA
"C31H48O7",NA,NA,NA
"C25H26O13",NA,NA,NA
"C26H30O12",NA,NA,NA
"C23H34O14",NA,NA,NA
"C27H34O11",NA,NA,NA
"C28H38O10",NA,NA,NA
"C25H42O12",NA,NA,NA
"C29H42O9",NA,NA,NA
"C26H46O11",NA,NA,NA
"C30H46O8",NA,NA,NA
"C27H50O10",NA,NA,NA
"C31H50O7",NA,NA,NA
"C25H28O13",NA,NA,NA
"C26H32O12",NA,NA,NA
"C27H36O11",NA,NA,NA
"C28H40O10",NA,NA,NA
"C29H44O9",NA,NA,NA
"C30H48O8",NA,NA,NA
"C25H30O13",NA,NA,NA
"C26H34O12",NA,NA,NA
"C27H38O11",NA,NA,NA
"C28H42O10",NA,NA,NA
"C29H46O9",NA,NA,NA
"C30H50O8",NA,NA,NA
"C25H32O13",NA,NA,NA
"C26H36O12",NA,NA,NA
"C27H40O11",NA,NA,NA
"C28H44O10",NA,NA,NA
"C29H48O9",NA,NA,NA
"C30H52O8",NA,NA,NA
"C25H34O13",NA,NA,NA
"C26H38O12",NA,NA,NA
"C27H42O11",NA,NA,NA
"C28H46O10",NA,NA,NA
"C30H50O6",NA,NA,NA
"C29H50O9",NA,NA,NA
"C30H24O10",NA,NA,NA
"C25H36O13",NA,NA,NA
"C29H36O10",NA,NA,NA
"C26H40O12",NA,NA,NA
"C30H40O9",NA,NA,NA
"C27H44O11",NA,NA,NA
"C28H48O10",NA,NA,NA
"C32H48O7",NA,NA,NA
"C29H52O9",NA,NA,NA
"C30H26O10",NA,NA,NA
"C27H30O12",NA,NA,NA
"C28H34O11",NA,NA,NA
"C25H38O13",NA,NA,NA
"C29H38O10",NA,NA,NA
"C26H42O12",NA,NA,NA
"C27H46O11",NA,NA,NA
"C31H46O8",NA,NA,NA
"C28H50O10",NA,NA,NA
"C27H32O12",NA,NA,NA
"C28H36O11",NA,NA,NA
"C25H40O13",NA,NA,NA
"C29H40O10",NA,NA,NA
"C26H44O12",NA,NA,NA
"C30H44O9",NA,NA,NA
"C27H48O11",NA,NA,NA
"C31H48O8",NA,NA,NA
"C26H30O13",NA,NA,NA
"C27H34O12",NA,NA,NA
"C28H38O11",NA,NA,NA
"C29H42O10",NA,NA,NA
"C26H46O12",NA,NA,NA
"C30H46O9",NA,NA,NA
"C31H50O8",NA,NA,NA
"C25H28O14",NA,NA,NA
"C26H32O13",NA,NA,NA
"C27H36O12",NA,NA,NA
"C28H40O11",NA,NA,NA
"C29H44O10",NA,NA,NA
"C30H48O7S1",NA,NA,NA
"C30H48O9",NA,NA,NA
"C25H30O14",NA,NA,NA
"C26H34O13",NA,NA,NA
"C27H38O12",NA,NA,NA
"C28H42O11",NA,NA,NA
"C29H46O10",NA,NA,NA
"C30H50O9",NA,NA,NA
"C25H28O12",NA,NA,NA
"C26H36O13",NA,NA,NA
"C30H36O10",NA,NA,NA
"C27H40O12",NA,NA,NA
"C28H44O11",NA,NA,NA
"C29H48O10",NA,NA,NA
"C30H52O9",NA,NA,NA
"C23H28O13N1P1",NA,NA,NA
"C26H38O13",NA,NA,NA
"C30H38O10",NA,NA,NA
"C27H42O12",NA,NA,NA
"C25H46O11",NA,NA,NA
"C28H46O11",NA,NA,NA
"C29H50O10",NA,NA,NA
"C30H54O9",NA,NA,NA
"C34H24O6S1",NA,NA,NA
"C30H24O11",NA,NA,NA
"C29H36O11",NA,NA,NA
"C26H40O13",NA,NA,NA
"C30H40O10",NA,NA,NA
"C27H44O12",NA,NA,NA
"C31H44O9",NA,NA,NA
"C28H48O11",NA,NA,NA
"C32H48O8",NA,NA,NA
"C29H52O10",NA,NA,NA
"C27H30O13",NA,NA,NA
"C28H34O12",NA,NA,NA
"C29H38O11",NA,NA,NA
"C26H42O13",NA,NA,NA
"C30H42O10",NA,NA,NA
"C27H46O12",NA,NA,NA
"C31H46O9",NA,NA,NA
"C28H50O11",NA,NA,NA
"C27H32O13",NA,NA,NA
"C28H36O12",NA,NA,NA
"C29H40O11",NA,NA,NA
"C30H44O10",NA,NA,NA
"C31H48O9",NA,NA,NA
"C26H30O14",NA,NA,NA
"C27H34O13",NA,NA,NA
"C28H38O12",NA,NA,NA
"C29H42O11",NA,NA,NA
"C30H46O10",NA,NA,NA
"C31H50O7S1",NA,NA,NA
"C31H50O9",NA,NA,NA
"C26H32O14",NA,NA,NA
"C27H36O13",NA,NA,NA
"C28H40O12",NA,NA,NA
"C29H44O11",NA,NA,NA
"C30H48O10",NA,NA,NA
"C31H52O9",NA,NA,NA
"C30H34O11",NA,NA,NA
"C27H38O13",NA,NA,NA
"C28H42O12",NA,NA,NA
"C29H46O11",NA,NA,NA
"C30H50O10",NA,NA,NA
"C31H54O9",NA,NA,NA
"C28H45O11N1",NA,NA,NA
"C26H36O14",NA,NA,NA
"C30H36O11",NA,NA,NA
"C27H40O13",NA,NA,NA
"C28H44O12",NA,NA,NA
"C29H48O11",NA,NA,NA
"C30H52O10",NA,NA,NA
"C26H38O14",NA,NA,NA
"C30H38O11",NA,NA,NA
"C27H42O13",NA,NA,NA
"C28H46O12",NA,NA,NA
"C29H50O11",NA,NA,NA
"C33H50O8",NA,NA,NA
"C30H54O10",NA,NA,NA
"C23H29O16N1",NA,NA,NA
"C30H24O12",NA,NA,NA
"C31H28O11",NA,NA,NA
"C28H32O13",NA,NA,NA
"C29H36O12",NA,NA,NA
"C30H40O11",NA,NA,NA
"C27H44O13",NA,NA,NA
"C31H44O10",NA,NA,NA
"C28H48O12",NA,NA,NA
"C32H48O9",NA,NA,NA
"C30H26O12",NA,NA,NA
"C28H34O13",NA,NA,NA
"C29H38O12",NA,NA,NA
"C30H42O11",NA,NA,NA
"C31H46O10",NA,NA,NA
"C27H32O14",NA,NA,NA
"C28H36O13",NA,NA,NA
"C29H40O12",NA,NA,NA
"C30H44O11",NA,NA,NA
"C31H48O10",NA,NA,NA
"C27H34O14",NA,NA,NA
"C28H38O13",NA,NA,NA
"C30H42O9",NA,NA,NA
"C29H42O12",NA,NA,NA
"C30H46O11",NA,NA,NA
"C31H50O10",NA,NA,NA
"C32H54O9",NA,NA,NA
"C23H32O15",NA,NA,NA
"C26H32O15",NA,NA,NA
"C27H36O14",NA,NA,NA
"C28H40O13",NA,NA,NA
"C29H44O12",NA,NA,NA
"C30H48O11",NA,NA,NA
"C31H52O10",NA,NA,NA
"C30H34O12",NA,NA,NA
"C27H38O14",NA,NA,NA
"C29H46O12",NA,NA,NA
"C30H50O11",NA,NA,NA
"C31H54O10",NA,NA,NA
"C27H40O14",NA,NA,NA
"C28H44O13",NA,NA,NA
"C29H48O12",NA,NA,NA
"C30H52O11",NA,NA,NA
"C30H38O12",NA,NA,NA
"C27H42O14",NA,NA,NA
"C31H42O11",NA,NA,NA
"C28H46O13",NA,NA,NA
"C29H50O12",NA,NA,NA
"C29H36O13",NA,NA,NA
"C30H40O12",NA,NA,NA
"C31H44O11",NA,NA,NA
"C32H48O10",NA,NA,NA
"C30H26O13",NA,NA,NA
"C27H30O15",NA,NA,NA
"C28H34O14",NA,NA,NA
"C29H38O13",NA,NA,NA
"C30H42O12",NA,NA,NA
"C31H46O11",NA,NA,NA
"C32H50O10",NA,NA,NA
"C27H32O15",NA,NA,NA
"C28H36O14",NA,NA,NA
"C29H40O13",NA,NA,NA
"C30H44O12",NA,NA,NA
"C31H48O11",NA,NA,NA
"C32H52O10",NA,NA,NA
"C30H26O11",NA,NA,NA
"C27H34O15",NA,NA,NA
"C28H38O14",NA,NA,NA
"C29H42O13",NA,NA,NA
"C30H46O12",NA,NA,NA
"C31H50O11",NA,NA,NA
"C32H54O10",NA,NA,NA
"C27H36O15",NA,NA,NA
"C31H36O12",NA,NA,NA
"C28H40O14",NA,NA,NA
"C29H44O13",NA,NA,NA
"C30H48O12",NA,NA,NA
"C31H52O11",NA,NA,NA
"C32H56O10",NA,NA,NA
"C30H34O13",NA,NA,NA
"C27H38O15",NA,NA,NA
"C29H46O13",NA,NA,NA
"C30H50O12",NA,NA,NA
"C31H54O11",NA,NA,NA
"C30H36O13",NA,NA,NA
"C31H40O12",NA,NA,NA
"C29H48O13",NA,NA,NA
"C30H52O12",NA,NA,NA
"C31H42O12",NA,NA,NA
"C32H46O11",NA,NA,NA
"C34H54O7S1",NA,NA,NA
"C30H24O14",NA,NA,NA
"C31H28O13",NA,NA,NA
"C28H32O15",NA,NA,NA
"C29H36O14",NA,NA,NA
"C30H40O13",NA,NA,NA
"C31H44O12",NA,NA,NA
"C32H48O11",NA,NA,NA
"C30H22O12",NA,NA,NA
"C30H26O14",NA,NA,NA
"C28H34O15",NA,NA,NA
"C29H38O14",NA,NA,NA
"C30H42O13",NA,NA,NA
"C31H46O12",NA,NA,NA
"C32H50O11",NA,NA,NA
"C33H54O10",NA,NA,NA
"C27H32O16",NA,NA,NA
"C28H36O15",NA,NA,NA
"C30H44O13",NA,NA,NA
"C31H48O12",NA,NA,NA
"C32H52O11",NA,NA,NA
"C33H56O10",NA,NA,NA
"C27H34O16",NA,NA,NA
"C29H42O14",NA,NA,NA
"C30H46O13",NA,NA,NA
"C31H50O12",NA,NA,NA
"C32H54O11",NA,NA,NA
"C31H36O13",NA,NA,NA
"C28H40O15",NA,NA,NA
"C30H48O13",NA,NA,NA
"C31H52O12",NA,NA,NA
"C32H56O11",NA,NA,NA
"C37H30O9",NA,NA,NA
"C30H34O14",NA,NA,NA
"C30H50O13",NA,NA,NA
"C29H32O15",NA,NA,NA
"C33H48O11",NA,NA,NA
"C30H38O14",NA,NA,NA
"C32H46O12",NA,NA,NA
"C33H50O11",NA,NA,NA
"C31H28O14",NA,NA,NA
"C29H36O15",NA,NA,NA
"C30H40O14",NA,NA,NA
"C31H44O13",NA,NA,NA
"C32H48O12",NA,NA,NA
"C33H52O11",NA,NA,NA
"C30H42O14",NA,NA,NA
"C31H46O13",NA,NA,NA
"C32H50O12",NA,NA,NA
"C33H54O11",NA,NA,NA
"C31H28O12",NA,NA,NA
"C31H32O14",NA,NA,NA
"C32H36O13",NA,NA,NA
"C30H44O14",NA,NA,NA
"C31H48O13",NA,NA,NA
"C32H52O12",NA,NA,NA
"C33H56O11",NA,NA,NA
"C32H38O13",NA,NA,NA
"C29H42O15",NA,NA,NA
"C31H50O13",NA,NA,NA
"C32H54O12",NA,NA,NA
"C33H58O11",NA,NA,NA
"C36H36O8",NA,NA,NA
"C30H48O14",NA,NA,NA
"C31H52O13",NA,NA,NA
"C37H32O10",NA,NA,NA
"C32H44O13",NA,NA,NA
"C33H48O12",NA,NA,NA
"C34H52O11",NA,NA,NA
"C31H26O15",NA,NA,NA
"C31H42O14",NA,NA,NA
"C32H46O13",NA,NA,NA
"C33H50O12",NA,NA,NA
"C34H54O11",NA,NA,NA
"C30H40O15",NA,NA,NA
"C32H48O13",NA,NA,NA
"C33H52O12",NA,NA,NA
"C34H56O11",NA,NA,NA
"C32H34O14",NA,NA,NA
"C31H46O14",NA,NA,NA
"C32H50O13",NA,NA,NA
"C33H54O12",NA,NA,NA
"C34H58O11",NA,NA,NA
"C31H48O14",NA,NA,NA
"C32H52O13",NA,NA,NA
"C33H56O12",NA,NA,NA
"C31H34O15",NA,NA,NA
"C32H38O14",NA,NA,NA
"C37H38O8",NA,NA,NA
"C32H54O13",NA,NA,NA
"C31H36O15",NA,NA,NA
"C33H46O13",NA,NA,NA
"C33H48O13",NA,NA,NA
"C34H52O12",NA,NA,NA
"C35H56O11",NA,NA,NA
"C32H46O14",NA,NA,NA
"C33H50O13",NA,NA,NA
"C34H54O12",NA,NA,NA
"C35H58O11",NA,NA,NA
"C32H48O14",NA,NA,NA
"C33H52O13",NA,NA,NA
"C34H56O12",NA,NA,NA
"C35H60O11",NA,NA,NA
"C32H50O14",NA,NA,NA
"C33H54O13",NA,NA,NA
"C34H58O12",NA,NA,NA
"C32H52O14",NA,NA,NA
"C32H38O15",NA,NA,NA
"C32H40O15",NA,NA,NA
"C35H52O12",NA,NA,NA
"C36H56O11",NA,NA,NA
"C34H50O13",NA,NA,NA
"C35H54O12",NA,NA,NA
"C36H58O11",NA,NA,NA
"C33H48O14",NA,NA,NA
"C34H52O13",NA,NA,NA
"C35H56O12",NA,NA,NA
"C36H60O11",NA,NA,NA
"C33H50O14",NA,NA,NA
"C34H54O13",NA,NA,NA
"C35H58O12",NA,NA,NA
"C32H48O15",NA,NA,NA
"C33H52O14",NA,NA,NA
"C34H56O13",NA,NA,NA
"C35H60O12",NA,NA,NA
"C33H54O14",NA,NA,NA
"C34H58O13",NA,NA,NA
"C32H36O16",NA,NA,NA
"C33H40O15",NA,NA,NA
"C34H44O14",NA,NA,NA
"C33H42O15",NA,NA,NA
"C36H54O12",NA,NA,NA
"C36H56O12",NA,NA,NA
"C32H42O16",NA,NA,NA
"C35H54O13",NA,NA,NA
"C32H44O16",NA,NA,NA
"C34H52O14",NA,NA,NA
"C35H56O13",NA,NA,NA
"C36H60O12",NA,NA,NA
"C32H46O16",NA,NA,NA
"C34H54O14",NA,NA,NA
"C36H58O10",NA,NA,NA
"C35H34O15",NA,NA,NA
"C36H54O13",NA,NA,NA
"C36H56O13",NA,NA,NA
"C32H42O17",NA,NA,NA
"C36H58O13",NA,NA,NA
"C32H44O17",NA,NA,NA
"C36H60O13",NA,NA,NA
"C36H46O14",NA,NA,NA
"C36H54O14",NA,NA,NA
"C36H56O14",NA,NA,NA
"C32H42O18",NA,NA,NA
"C33H46O17",NA,NA,NA
"C36H58O14",NA,NA,NA
"C36H46O15",NA,NA,NA
"C34H57O15N1",NA,NA,NA
"C36H36O16",NA,NA,NA
"C36H46O16",NA,NA,NA
"C36H48O16",NA,NA,NA
"C34H46O18",NA,NA,NA
"C36H36O15",NA,NA,NA
"C36H42O17",NA,NA,NA
"C37H44O17",NA,NA,NA
"C37H46O18",NA,NA,NA
"C40H42O18",NA,NA,NA
